"Signatures","https://hl7.org/fhir/us/davinci-cdex/signatures.html#"
"About Signatures","https://hl7.org/fhir/us/davinci-cdex/signatures.html#about-signatures"
"The Signer","https://hl7.org/fhir/us/davinci-cdex/signatures.html#the-signer"
"What is Signed","https://hl7.org/fhir/us/davinci-cdex/signatures.html#what-is-signed"
"CDex Enveloped Signatures","https://hl7.org/fhir/us/davinci-cdex/signatures.html#cdex-enveloped-signatures"
"CDex Signature Profiles","https://hl7.org/fhir/us/davinci-cdex/signatures.html#cdex-signature-profiles"
"CDex Signature Datatype Profile","https://hl7.org/fhir/us/davinci-cdex/signatures.html#cdex-signature-datatype-profile"
"CDex Signature Bundle Profile","https://hl7.org/fhir/us/davinci-cdex/signatures.html#cdex-signature-bundle-profile"
"CDex SDC Questionnaire Response Profile","https://hl7.org/fhir/us/davinci-cdex/signatures.html#cdex-sdc-questionnaire-response-profile"
"Electronic Signatures","https://hl7.org/fhir/us/davinci-cdex/signatures.html#electronic-signatures"
"Electronic Signature Example","https://hl7.org/fhir/us/davinci-cdex/signatures.html#electronic-signature-example"
"Digital Signatures","https://hl7.org/fhir/us/davinci-cdex/signatures.html#digital-signatures"
"Digital Signature Rules For CDEX FHIR Bundle and QuestionnaireResponse","https://hl7.org/fhir/us/davinci-cdex/signatures.html#digital-signature-rules-for-cdex-fhir-bundle-and-questionnaireresponse"
"Sender/Signer Steps","https://hl7.org/fhir/us/davinci-cdex/signatures.html#sendersigner-steps"
"Receiver/Validation Steps","https://hl7.org/fhir/us/davinci-cdex/signatures.html#receivervalidation-steps"
"Step-by-Step Examples","https://hl7.org/fhir/us/davinci-cdex/signatures.html#step-by-step-examples"
"-","-",